q,samples,players,contests,problems,solved,censored,weightedSolveRate,kmMinutes,kmCiLowMinutes,kmCiHighMinutes,successMedianMinutes,successCiLowMinutes,successCiHighMinutes,differenceMinutes,differenceCiLowMinutes,differenceCiHighMinutes,ratio
800,2281,910,39,47,2035,246,0.8892640670671715,22.233333333333334,18.716666666666665,26.383333333333333,19.316666666666666,16.483333333333334,22.05,2.9166666666666665,2.0166666666666666,4.45,1.1509922346850734
900,837,686,9,9,634,203,0.7516089541836538,42.46666666666667,33.18333333333333,55.083333333333336,30.1,25.4,38.6,12.366666666666667,7.4,18.483333333333334,1.4108527131782946
1000,2688,1820,14,14,2001,687,0.7410942320515153,43.583333333333336,37.06666666666667,54.46666666666667,33.4,29.533333333333335,36.46666666666667,10.183333333333334,6.266666666666667,18.383333333333333,1.3048902195608783
1100,4076,2489,13,14,2982,1094,0.7254101559610963,43.96666666666667,34.93333333333333,56.21666666666667,31.283333333333335,26.166666666666668,38.18333333333333,12.683333333333334,8.233333333333333,19.05,1.4054342035162493
1200,4777,3073,12,13,3293,1484,0.6902331372186766,54.8,48.55,62.666666666666664,39.21666666666667,35.05,43.96666666666667,15.583333333333334,11.65,19.8,1.3973650658733532
1300,6556,4347,13,13,4706,1850,0.7159218768858255,48.333333333333336,42.06666666666667,56.483333333333334,36.016666666666666,32.5,40.666666666666664,12.316666666666666,9.033333333333333,16.883333333333333,1.3419713095788988
1400,5991,3904,12,14,4071,1920,0.6809183869487052,55.38333333333333,47.11666666666667,62.266666666666666,40.46666666666667,37,44.06666666666667,14.916666666666666,9.75,18.583333333333332,1.3686161449752883
1500,2871,2164,6,6,1946,925,0.6769788254915636,49.016666666666666,43.06666666666667,54.36666666666667,34.3,32.06666666666667,37.68333333333333,14.716666666666667,10.033333333333333,18.633333333333333,1.4290573372206026
1600,5492,3494,15,15,3641,1851,0.6681882396937938,54.733333333333334,44.4,64.96666666666667,39.13333333333333,33.35,43.21666666666667,15.6,9.35,23.25,1.3986371379897786
1700,3233,2145,11,11,2043,1190,0.6370640483888557,59.666666666666664,50.7,72.5,40.88333333333333,35.333333333333336,46.18333333333333,18.783333333333335,12.85,28.216666666666665,1.4594374235629841
1800,1997,1457,9,9,1266,731,0.6352024199976907,60.983333333333334,54.4,64.9,44.63333333333333,38.21666666666667,49.11666666666667,16.35,12.933333333333334,19.933333333333334,1.366318147871546
1900,1313,954,8,9,883,430,0.6759709249472508,57.8,47.25,71.41666666666667,44.03333333333333,36.95,54.85,13.766666666666667,8.716666666666667,21.3,1.3126419379258139
2000,326,300,3,3,222,104,0.6946570462584238,45.55,33.71666666666667,52.53333333333333,37.4,25,43.75,8.15,2.7333333333333334,13.816666666666666,1.217914438502674
