kind,q,samples,solved,successP10Seconds,successUnweightedP10Seconds,successP20Seconds,successUnweightedP20Seconds,successP30Seconds,successUnweightedP30Seconds,successP50Seconds,successUnweightedP50Seconds,successP70Seconds,successUnweightedP70Seconds,successP80Seconds,successUnweightedP80Seconds,successP90Seconds,successUnweightedP90Seconds,successP95Seconds,successUnweightedP95Seconds,successMedianCiLowSeconds,successMedianCiHighSeconds,successMedianCiStatus
empirical,800,2281,2035,349,347,524,510,703,687,1159,1123,1877,1834,2441,2394,3432,3359,4448,4423,989,1323,finite
empirical,900,837,634,641,641,944,925,1165,1160,1806,1780,2696,2646,3292,3246,4159,4115,5287,5228,1524,2316,finite
empirical,1000,2688,2001,829,826,1106,1101,1409,1387,2004,1980,2735,2715,3418,3357,4355,4307,5254,5214,1772,2188,finite
empirical,1100,4076,2982,723,720,1001,992,1270,1255,1877,1866,2741,2708,3378,3351,4324,4301,5066,5025,1570,2291,finite
empirical,1200,4777,3293,1011,998,1366,1360,1699,1694,2353,2342,3211,3200,3834,3813,4828,4818,5653,5648,2103,2638,finite
empirical,1300,6556,4706,1012,1008,1320,1313,1587,1581,2161,2161,2979,2988,3541,3545,4476,4474,5173,5172,1950,2440,finite
empirical,1400,5991,4071,1159,1157,1527,1519,1823,1820,2428,2424,3272,3270,3806,3818,4613,4649,5339,5374,2220,2644,finite
empirical,1500,2871,1946,934,934,1235,1226,1489,1478,2058,2046,2847,2830,3346,3319,4140,4140,4933,4898,1924,2261,finite
empirical,1600,5492,3641,1052,1052,1412,1407,1685,1682,2348,2342,3139,3134,3712,3701,4552,4516,5211,5181,2001,2593,finite
empirical,1700,3233,2043,1115,1113,1420,1420,1756,1757,2453,2451,3285,3291,3909,3918,4720,4745,5572,5602,2120,2771,finite
empirical,1800,1997,1266,1294,1295,1702,1697,2012,1991,2678,2665,3492,3496,3984,3992,4754,4746,5482,5482,2293,2947,finite
empirical,1900,1313,883,1238,1232,1629,1617,1920,1906,2642,2645,3437,3434,4087,4060,5105,5105,5947,5992,2217,3291,finite
empirical,2000,326,222,906,906,1344,1255,1705,1625,2244,2192,2789,2813,3297,3317,3921,3943,4557,4608,1500,2625,finite
empirical,2100,576,345,1501,1535,1917,1946,2293,2301,3017,3023,3895,3851,4518,4518,5444,5449,6581,6620,2438,3762,finite
empirical,2200,119,82,1445,1445,2013,1906,2431,2373,3013,3002,3472,3472,3821,3821,4829,4828,5031,5031,1524,3024,finite
empirical,2300,199,119,1192,1192,1518,1648,2278,2238,2944,2944,3776,3807,4138,4181,5491,5486,6822,6596,2396,3547,finite
empirical,2400,71,44,1422,1584,2050,2001,2162,2162,2864,2678,3728,3780,4899,5116,5821,5821,7145,6355,2487,3172,finite
empirical,2500,22,17,1217,1217,1272,1272,1309,1309,1880,1870,2209,2167,2739,2739,3558,3558,4601,4601,,,fewer_than_two_contests
