model,bandwidth,loocvMseSeconds2,loocvRmseSeconds
km,75,173544.78282380692,416.58706511821384
km,100,162602.76358665418,403.24032981170694
km,125,148652.56857642683,385.55488400022483
km,150,135677.3176283492,368.34402075824335
km,200,126058.03307243972,355.04652240578235
km,250,127344.83512108072,356.85408099261065
km,300,130701.2285857649,361.5262488198677
km,400,136192.48929949486,369.04266596085455
km,500,139791.66171458532,373.8872312804829
km,600,142579.47351405225,377.596972331681
success,75,65096.357542736136,255.13987838583003
success,100,61921.16321291722,248.8396335251224
success,125,60028.44693924769,245.007034468906
success,150,56963.03842151496,238.6693076654704
success,200,52878.20596171686,229.95261677510186
success,250,52352.96134232822,228.80769511169902
success,300,53394.82794591805,231.07320906136664
success,400,55915.75702661449,236.4651285636309
success,500,57458.61514089451,239.7052672364429
success,600,58398.46508480228,241.65774368888384
