model,q,observedSeconds,fittedSeconds,residualSeconds
km,800,1334,1725.527472527471,-391.527472527471
km,900,2548,2116.1648351648346,431.8351648351654
km,1000,2615,2455.786213786214,159.21378621378608
km,1100,2638,2744.3916083916088,-106.39160839160877
km,1200,3288,2981.9810189810196,306.0189810189804
km,1300,2900,3168.5544455544464,-268.5544455544464
km,1400,3323,3304.111888111889,18.88811188811087
km,1500,2941,3388.653346653348,-447.65334665334785
km,1600,3284,3422.1788211788216,-138.17882117882164
km,1700,3580,3404.6883116883123,175.3116883116877
km,1800,3659,3336.181818181818,322.818181818182
km,1900,3468,3216.65934065934,251.34065934065984
km,2000,2733,3046.1208791208783,-313.12087912087827
success,800,1159,1408.0549450549445,-249.05494505494448
success,900,1806,1624.2197802197798,181.78021978022025
success,1000,2004,1816.0679320679321,187.93206793206787
success,1100,1877,1983.5994005994005,-106.5994005994005
success,1200,2353,2126.814185814186,226.1858141858138
success,1300,2161,2245.712287712288,-84.71228771228789
success,1400,2428,2340.2937062937067,87.70629370629331
success,1500,2058,2410.558441558442,-352.55844155844215
success,1600,2348,2456.506493506494,-108.50649350649383
success,1700,2453,2478.1378621378626,-25.137862137862612
success,1800,2678,2475.452547452547,202.54745254745285
success,1900,2642,2448.4505494505493,193.54945054945074
success,2000,2244,2397.131868131867,-153.13186813186712
