kind,q,band,minPrior,contests,problems,players,samples,solved,censored,attempted,solveRate,weightedSolveRate,effectiveSamples,t97KmSeconds,ciLowSeconds,ciHighSeconds,bootstrapIdentifiedFraction,ciStatus,status,successP10Seconds,successUnweightedP10Seconds,successP20Seconds,successUnweightedP20Seconds,successP30Seconds,successUnweightedP30Seconds,successP50Seconds,successUnweightedP50Seconds,successP70Seconds,successUnweightedP70Seconds,successP80Seconds,successUnweightedP80Seconds,successP90Seconds,successUnweightedP90Seconds,successP95Seconds,successUnweightedP95Seconds,successMedianCiLowSeconds,successMedianCiHighSeconds,successMedianCiStatus,kmMinusSuccessMedianSeconds,differenceCiLowSeconds,differenceCiHighSeconds,differenceCiStatus,exactHistorySamples,certifiedHistorySamples,p90MinusKmSeconds
empirical,800,100,10,39,47,910,2281,2035,246,2246,0.8921525646646208,0.8892640670671715,2142.765723472011,1334,1123,1583,1,finite,exploratory,349,347,524,510,703,687,1159,1123,1877,1834,2441,2394,3432,3359,4448,4423,989,1323,finite,175,121,267,finite,27,2254,2098
empirical,900,100,10,9,9,686,837,634,203,748,0.7574671445639187,0.7516089541836538,789.5990683935848,2548,1991,3305,1,finite,exploratory,641,641,944,925,1165,1160,1806,1780,2696,2646,3292,3246,4159,4115,5287,5228,1524,2316,finite,742,444,1109,finite,8,829,1611
empirical,1000,100,10,14,14,1820,2688,2001,687,2350,0.7444196428571429,0.7410942320515153,2531.5465882023955,2615,2224,3268,1,finite,exploratory,829,826,1106,1101,1409,1387,2004,1980,2735,2715,3418,3357,4355,4307,5254,5214,1772,2188,finite,611,376,1103,finite,14,2674,1740
empirical,1100,100,10,13,14,2489,4076,2982,1094,3619,0.7315996074582924,0.7254101559610963,3845.3832227851854,2638,2096,3373,1,finite,exploratory,723,720,1001,992,1270,1255,1877,1866,2741,2708,3378,3351,4324,4301,5066,5025,1570,2291,finite,761,494,1143,finite,20,4056,1686
empirical,1200,100,10,12,13,3073,4777,3293,1484,4000,0.6893447770567301,0.6902331372186766,4513.057371825489,3288,2913,3760,1,finite,exploratory,1011,998,1366,1360,1699,1694,2353,2342,3211,3200,3834,3813,4828,4818,5653,5648,2103,2638,finite,935,699,1188,finite,27,4750,1540
empirical,1300,100,10,13,13,4347,6556,4706,1850,5856,0.7178157413056742,0.7159218768858255,6191.607747013744,2900,2524,3389,1,finite,exploratory,1012,1008,1320,1313,1587,1581,2161,2161,2979,2988,3541,3545,4476,4474,5173,5172,1950,2440,finite,739,542,1013,finite,36,6520,1576
empirical,1400,100,10,12,14,3904,5991,4071,1920,4924,0.6795192789183776,0.6809183869487052,5660.354523673874,3323,2827,3736,1,finite,exploratory,1159,1157,1527,1519,1823,1820,2428,2424,3272,3270,3806,3818,4613,4649,5339,5374,2220,2644,finite,895,585,1115,finite,39,5952,1290
empirical,1500,100,10,6,6,2164,2871,1946,925,2401,0.6778126088470916,0.6769788254915636,2710.988480521053,2941,2584,3262,1,finite,exploratory,934,934,1235,1226,1489,1478,2058,2046,2847,2830,3346,3319,4140,4140,4933,4898,1924,2261,finite,883,602,1118,finite,23,2848,1199
empirical,1600,100,10,15,15,3494,5492,3641,1851,4644,0.6629643117261471,0.6681882396937938,5189.813746610655,3284,2664,3898,1,finite,exploratory,1052,1052,1412,1407,1685,1682,2348,2342,3139,3134,3712,3701,4552,4516,5211,5181,2001,2593,finite,936,561,1395,finite,33,5459,1268
empirical,1700,100,10,11,11,2145,3233,2043,1190,2655,0.6319208165790288,0.6370640483888557,3044.125677916818,3580,3042,4350,1,finite,exploratory,1115,1113,1420,1420,1756,1757,2453,2451,3285,3291,3909,3918,4720,4745,5572,5602,2120,2771,finite,1127,771,1693,finite,35,3198,1140
empirical,1800,100,10,9,9,1457,1997,1266,731,1640,0.6339509263895844,0.6352024199976907,1879.464601208803,3659,3264,3894,1,finite,exploratory,1294,1295,1702,1697,2012,1991,2678,2665,3492,3496,3984,3992,4754,4746,5482,5482,2293,2947,finite,981,776,1196,finite,30,1967,1095
empirical,1900,100,10,8,9,954,1313,883,430,1088,0.6725057121096725,0.6759709249472508,1239.9695958906116,3468,2835,4285,1,finite,exploratory,1238,1232,1629,1617,1920,1906,2642,2645,3437,3434,4087,4060,5105,5105,5947,5992,2217,3291,finite,826,523,1278,finite,33,1280,1637
empirical,2000,100,10,3,3,300,326,222,104,272,0.6809815950920245,0.6946570462584238,308.6127994100598,2733,2023,3152,1,finite,small_sample,906,906,1344,1255,1705,1625,2244,2192,2789,2813,3297,3317,3921,3943,4557,4608,1500,2625,finite,489,164,829,finite,14,312,1188
empirical,2100,100,10,6,6,445,576,345,231,432,0.5989583333333334,0.6008359247861907,544.4607554650853,4392,3082,5444,1,finite,exploratory,1501,1535,1917,1946,2293,2301,3017,3023,3895,3851,4518,4518,5444,5449,6581,6620,2438,3762,finite,1375,553,2048,finite,13,563,1052
empirical,2200,100,10,3,3,118,119,82,37,86,0.6890756302521008,0.6974245370792012,111.837729059557,3472,2095,,0.872,upper_unbounded,small_sample,1445,1445,2013,1906,2431,2373,3013,3002,3472,3472,3821,3821,4829,4828,5031,5031,1524,3024,finite,459,0,,upper_unbounded,8,111,1357
empirical,2300,100,10,4,5,152,199,119,80,149,0.5979899497487438,0.6142388822641397,187.7499693051813,3955,3007,5486,1,finite,small_sample,1192,1192,1518,1648,2278,2238,2944,2944,3776,3807,4138,4181,5491,5486,6822,6596,2396,3547,finite,1011,456,1932,finite,2,197,1536
empirical,2400,100,10,2,2,66,71,44,27,57,0.6197183098591549,0.6290254835878782,66.50659811305596,4585,4512,5442,1,finite,small_sample,1422,1584,2050,2001,2162,2162,2864,2678,3728,3780,4899,5116,5821,5821,7145,6355,2487,3172,finite,1721,1340,2955,finite,0,71,1236
empirical,2500,100,10,1,1,22,22,17,5,21,0.7727272727272727,0.8059566604348992,20.86080269153632,2167,,,0,fewer_than_two_contests,small_sample,1217,1217,1272,1272,1309,1309,1880,1870,2209,2167,2739,2739,3558,3558,4601,4601,,,fewer_than_two_contests,287,,,fewer_than_two_contests,1,21,1391
