rating,kmMinutes,successMedianMinutes,recommendedT97Minutes,kmSeconds,successMedianSeconds
800,26.38,22.68,22.68,1583,1361
900,34.01,26.75,26.75,2041,1605
1000,40.32,30.22,30.22,2419,1813
1100,45.18,33.03,33.03,2711,1982
1200,48.58,35.16,35.16,2915,2110
1300,50.81,36.71,36.71,3049,2202
1400,52.43,37.85,37.85,3146,2271
1500,53.93,38.82,38.82,3236,2329
1600,55.56,39.80,39.80,3334,2388
1700,57.24,40.91,40.91,3434,2455
1800,58.50,42.16,42.16,3510,2529
1900,58.65,43.41,43.41,3519,2604
2000,57.05,44.44,44.44,3423,2666
