kind,q,samples,solved,successP10Seconds,successUnweightedP10Seconds,successP20Seconds,successUnweightedP20Seconds,successP30Seconds,successUnweightedP30Seconds,successP50Seconds,successUnweightedP50Seconds,successP70Seconds,successUnweightedP70Seconds,successP80Seconds,successUnweightedP80Seconds,successP90Seconds,successUnweightedP90Seconds,successP95Seconds,successUnweightedP95Seconds
empirical,800,11,10,346,213,591,346,947,591,1638,1142,3775,3719,4448,3775,5024,4448,5024,5024
empirical,900,2,2,757,757,757,757,757,757,4387,757,4387,4387,4387,4387,4387,4387,4387,4387
empirical,1000,3,2,2478,2478,2478,2478,2478,2478,2478,2478,2576,2576,2576,2576,2576,2576,2576,2576
empirical,1100,7,5,1556,1556,1604,1556,1604,1604,2200,2200,3578,3578,3578,3578,4324,4324,4324,4324
empirical,1200,9,6,1245,1245,1686,1686,1704,1686,1704,1704,5643,5643,5643,5643,6521,6521,6521,6521
empirical,1300,9,7,978,978,1278,1278,1470,1470,1824,1824,2688,2688,4463,4463,4499,4499,4499,4499
empirical,1400,15,12,1380,1380,1438,1438,1833,1721,2204,1939,2409,2256,3629,2409,4156,3629,4156,4156
empirical,1500,3,3,755,755,755,755,1630,755,1630,1630,1630,4193,4193,4193,4193,4193,4193,4193
empirical,1600,17,11,1252,1252,1257,1257,1824,1752,2066,2066,2995,2778,3253,2995,4525,3253,4525,4525
empirical,1700,12,10,839,785,922,839,1087,922,1773,1347,2525,2018,2637,2525,3248,2637,3248,3248
empirical,1800,12,8,1820,1335,2594,1820,2594,2594,2625,2625,4031,3829,4031,4031,5308,5308,5308,5308
empirical,1900,7,3,1695,1695,3415,1695,3415,1695,3415,3415,3998,3998,3998,3998,3998,3998,3998,3998
empirical,2000,9,7,1760,1760,2571,2571,2679,2679,2733,2733,3355,3355,5520,5520,5655,5655,5655,5655
empirical,2100,5,3,2334,2334,2334,2334,3487,2334,3487,3487,4119,4119,4119,4119,4119,4119,4119,4119
empirical,2200,8,4,1342,1342,2255,1342,2255,2255,3024,2255,3348,3024,3348,3348,3348,3348,3348,3348
empirical,2300,0,0,,,,,,,,,,,,,,,,
empirical,2400,0,0,,,,,,,,,,,,,,,,
empirical,2500,0,0,,,,,,,,,,,,,,,,
