kind,q,band,minPrior,contests,problems,players,samples,solved,censored,attempted,solveRate,weightedSolveRate,effectiveSamples,t97KmSeconds,ciLowSeconds,ciHighSeconds,bootstrapIdentifiedFraction,ciStatus,status,successP10Seconds,successUnweightedP10Seconds,successP20Seconds,successUnweightedP20Seconds,successP30Seconds,successUnweightedP30Seconds,successP50Seconds,successUnweightedP50Seconds,successP70Seconds,successUnweightedP70Seconds,successP80Seconds,successUnweightedP80Seconds,successP90Seconds,successUnweightedP90Seconds,successP95Seconds,successUnweightedP95Seconds,p90MinusKmSeconds
empirical,800,50,5,3,4,3,4,4,0,4,1,1,3.9988707903637675,1638,947,3775,1,finite,small_sample,947,947,947,947,1638,1638,1638,1638,3775,3775,5024,5024,5024,5024,5024,5024,3386
empirical,900,50,5,1,1,1,1,1,0,1,1,1,1,4387,,,0,fewer_than_two_contests,small_sample,4387,4387,4387,4387,4387,4387,4387,4387,4387,4387,4387,4387,4387,4387,4387,4387,0
empirical,1000,50,5,2,2,3,3,2,1,2,0.6666666666666666,0.6385525833409778,2.9890992313553446,2463,2463,,0.752,upper_unbounded,small_sample,1847,1847,1847,1847,1847,1847,1847,1847,2463,2463,2463,2463,2463,2463,2463,2463,0
empirical,1100,50,5,2,2,5,5,5,0,5,1,1,4.9607365281753495,2200,2200,3578,1,finite,small_sample,944,944,1604,944,1604,1604,2200,2200,3578,3578,3578,3578,4324,4324,4324,4324,2124
empirical,1200,50,5,2,2,2,2,1,1,2,0.5,0.4626695957464214,1.9889133270810448,,1704,,0.274,upper_unbounded,not_identifiable,1704,1704,1704,1704,1704,1704,1704,1704,1704,1704,1704,1704,1704,1704,1704,1704,
empirical,1300,50,5,1,1,3,3,3,0,3,1,1,2.9758902504364433,1278,,,0,fewer_than_two_contests,small_sample,1075,1075,1075,1075,1075,1075,1278,1278,1824,1824,1824,1824,1824,1824,1824,1824,546
empirical,1400,50,5,4,4,7,7,5,2,6,0.7142857142857143,0.7213209525546684,6.976610203488953,3629,2409,,0.828,upper_unbounded,small_sample,1939,1939,2204,1939,2204,2204,2409,2409,3629,3629,4156,3629,4156,4156,4156,4156,527
empirical,1500,50,5,1,1,1,1,1,0,1,1,1,1,1315,,,0,fewer_than_two_contests,small_sample,1315,1315,1315,1315,1315,1315,1315,1315,1315,1315,1315,1315,1315,1315,1315,1315,0
empirical,1600,50,5,4,4,9,10,7,3,9,0.7,0.7024641689660502,9.941107948003507,2202,659,4525,0.983,finite,small_sample,659,659,1257,1257,1824,1824,2066,2066,2202,2202,3253,3253,4525,4525,4525,4525,2323
empirical,1700,50,5,1,1,3,3,3,0,3,1,1,2.9998782696876614,2525,,,0,fewer_than_two_contests,small_sample,1087,1087,1087,1087,1087,1087,2525,2525,2637,2637,2637,2637,2637,2637,2637,2637,112
empirical,1800,50,5,3,3,6,7,4,3,5,0.5714285714285714,0.5773863387020529,6.960854418788357,4031,2594,4031,1,finite,small_sample,2594,2594,2594,2594,2625,2625,2625,2625,4031,4031,5308,5308,5308,5308,5308,5308,1277
empirical,1900,50,5,1,1,5,5,3,2,4,0.6,0.59167265399085,4.972805918623978,3998,,,0,fewer_than_two_contests,small_sample,2877,2877,2877,2877,2877,2877,3415,3415,3998,3998,3998,3998,3998,3998,3998,3998,0
empirical,2000,50,5,1,1,4,4,2,2,4,0.5,0.47230426134245973,3.981617219072918,,,,0,fewer_than_two_contests,not_identifiable,1760,1760,1760,1760,1760,1760,2679,1760,2679,2679,2679,2679,2679,2679,2679,2679,
empirical,2100,50,5,2,2,2,2,0,2,1,0,0,1.999749172439945,,,,0,upper_unbounded,not_identifiable,,,,,,,,,,,,,,,,,
empirical,2200,50,5,1,1,1,1,1,0,1,1,1,1,3348,,,0,fewer_than_two_contests,small_sample,3348,3348,3348,3348,3348,3348,3348,3348,3348,3348,3348,3348,3348,3348,3348,3348,0
empirical,2300,50,5,0,0,0,0,0,0,0,,,0,,,,0,fewer_than_two_contests,no_data,,,,,,,,,,,,,,,,,
empirical,2400,50,5,0,0,0,0,0,0,0,,,0,,,,0,fewer_than_two_contests,no_data,,,,,,,,,,,,,,,,,
empirical,2500,50,5,0,0,0,0,0,0,0,,,0,,,,0,fewer_than_two_contests,no_data,,,,,,,,,,,,,,,,,
empirical,800,50,10,3,4,3,4,4,0,4,1,1,3.9988707903637675,1638,947,3775,1,finite,small_sample,947,947,947,947,1638,1638,1638,1638,3775,3775,5024,5024,5024,5024,5024,5024,3386
empirical,900,50,10,1,1,1,1,1,0,1,1,1,1,4387,,,0,fewer_than_two_contests,small_sample,4387,4387,4387,4387,4387,4387,4387,4387,4387,4387,4387,4387,4387,4387,4387,4387,0
empirical,1000,50,10,0,0,0,0,0,0,0,,,0,,,,0,fewer_than_two_contests,no_data,,,,,,,,,,,,,,,,,
empirical,1100,50,10,2,2,4,4,4,0,4,1,1,3.966903270491953,3578,2200,3578,1,finite,small_sample,1604,1604,1604,1604,2200,2200,3578,2200,3578,3578,4324,4324,4324,4324,4324,4324,746
empirical,1200,50,10,2,2,2,2,1,1,2,0.5,0.4626695957464214,1.9889133270810448,,1704,,0.269,upper_unbounded,not_identifiable,1704,1704,1704,1704,1704,1704,1704,1704,1704,1704,1704,1704,1704,1704,1704,1704,
empirical,1300,50,10,1,1,2,2,2,0,2,1,1,1.9793888370110357,1824,,,0,fewer_than_two_contests,small_sample,1278,1278,1278,1278,1278,1278,1824,1278,1824,1824,1824,1824,1824,1824,1824,1824,0
empirical,1400,50,10,4,4,7,7,5,2,6,0.7142857142857143,0.7213209525546684,6.976610203488953,3629,2409,,0.805,upper_unbounded,small_sample,1939,1939,2204,1939,2204,2204,2409,2409,3629,3629,4156,3629,4156,4156,4156,4156,527
empirical,1500,50,10,0,0,0,0,0,0,0,,,0,,,,0,fewer_than_two_contests,no_data,,,,,,,,,,,,,,,,,
empirical,1600,50,10,3,3,8,9,6,3,8,0.6666666666666666,0.6684587141789399,8.941538615821619,3253,1824,,0.957,upper_unbounded,small_sample,1257,1257,1824,1824,1824,1824,2066,2066,3253,3253,3253,3253,4525,4525,4525,4525,1272
empirical,1700,50,10,1,1,3,3,3,0,3,1,1,2.9998782696876614,2525,,,0,fewer_than_two_contests,small_sample,1087,1087,1087,1087,1087,1087,2525,2525,2637,2637,2637,2637,2637,2637,2637,2637,112
empirical,1800,50,10,3,3,6,7,4,3,5,0.5714285714285714,0.5773863387020529,6.960854418788357,4031,2594,4031,1,finite,small_sample,2594,2594,2594,2594,2625,2625,2625,2625,4031,4031,5308,5308,5308,5308,5308,5308,1277
empirical,1900,50,10,1,1,4,4,2,2,3,0.5,0.4971088514252774,3.9779184560033456,,,,0,fewer_than_two_contests,not_identifiable,3415,3415,3415,3415,3415,3415,3998,3415,3998,3998,3998,3998,3998,3998,3998,3998,
empirical,2000,50,10,1,1,4,4,2,2,4,0.5,0.47230426134245973,3.981617219072918,,,,0,fewer_than_two_contests,not_identifiable,1760,1760,1760,1760,1760,1760,2679,1760,2679,2679,2679,2679,2679,2679,2679,2679,
empirical,2100,50,10,2,2,2,2,0,2,1,0,0,1.999749172439945,,,,0,upper_unbounded,not_identifiable,,,,,,,,,,,,,,,,,
empirical,2200,50,10,1,1,1,1,1,0,1,1,1,1,3348,,,0,fewer_than_two_contests,small_sample,3348,3348,3348,3348,3348,3348,3348,3348,3348,3348,3348,3348,3348,3348,3348,3348,0
empirical,2300,50,10,0,0,0,0,0,0,0,,,0,,,,0,fewer_than_two_contests,no_data,,,,,,,,,,,,,,,,,
empirical,2400,50,10,0,0,0,0,0,0,0,,,0,,,,0,fewer_than_two_contests,no_data,,,,,,,,,,,,,,,,,
empirical,2500,50,10,0,0,0,0,0,0,0,,,0,,,,0,fewer_than_two_contests,no_data,,,,,,,,,,,,,,,,,
empirical,800,50,20,1,2,1,2,2,0,2,1,1,2,1638,,,0,fewer_than_two_contests,small_sample,1638,1638,1638,1638,1638,1638,1638,1638,5024,5024,5024,5024,5024,5024,5024,5024,3386
empirical,900,50,20,1,1,1,1,1,0,1,1,1,1,4387,,,0,fewer_than_two_contests,small_sample,4387,4387,4387,4387,4387,4387,4387,4387,4387,4387,4387,4387,4387,4387,4387,4387,0
empirical,1000,50,20,0,0,0,0,0,0,0,,,0,,,,0,fewer_than_two_contests,no_data,,,,,,,,,,,,,,,,,
empirical,1100,50,20,1,1,1,1,1,0,1,1,1,1,3578,,,0,fewer_than_two_contests,small_sample,3578,3578,3578,3578,3578,3578,3578,3578,3578,3578,3578,3578,3578,3578,3578,3578,0
empirical,1200,50,20,2,2,2,2,1,1,2,0.5,0.4626695957464214,1.9889133270810448,,1704,,0.262,upper_unbounded,not_identifiable,1704,1704,1704,1704,1704,1704,1704,1704,1704,1704,1704,1704,1704,1704,1704,1704,
empirical,1300,50,20,1,1,1,1,1,0,1,1,1,1,1824,,,0,fewer_than_two_contests,small_sample,1824,1824,1824,1824,1824,1824,1824,1824,1824,1824,1824,1824,1824,1824,1824,1824,0
empirical,1400,50,20,4,4,6,6,4,2,5,0.6666666666666666,0.6721677624982679,5.979123168678729,4156,2409,,0.739,upper_unbounded,small_sample,1939,1939,1939,1939,2204,2204,2409,2204,2409,2409,4156,4156,4156,4156,4156,4156,0
empirical,1500,50,20,0,0,0,0,0,0,0,,,0,,,,0,fewer_than_two_contests,no_data,,,,,,,,,,,,,,,,,
empirical,1600,50,20,3,3,8,9,6,3,8,0.6666666666666666,0.6684587141789399,8.941538615821619,3253,1824,,0.958,upper_unbounded,small_sample,1257,1257,1824,1824,1824,1824,2066,2066,3253,3253,3253,3253,4525,4525,4525,4525,1272
empirical,1700,50,20,1,1,3,3,3,0,3,1,1,2.9998782696876614,2525,,,0,fewer_than_two_contests,small_sample,1087,1087,1087,1087,1087,1087,2525,2525,2637,2637,2637,2637,2637,2637,2637,2637,112
empirical,1800,50,20,3,3,6,7,4,3,5,0.5714285714285714,0.5773863387020529,6.960854418788357,4031,2594,4031,1,finite,small_sample,2594,2594,2594,2594,2625,2625,2625,2625,4031,4031,5308,5308,5308,5308,5308,5308,1277
empirical,1900,50,20,1,1,3,3,1,2,2,0.3333333333333333,0.3202232118572436,2.9796045843621646,,,,0,fewer_than_two_contests,not_identifiable,3415,3415,3415,3415,3415,3415,3415,3415,3415,3415,3415,3415,3415,3415,3415,3415,
empirical,2000,50,20,1,1,4,4,2,2,4,0.5,0.47230426134245973,3.981617219072918,,,,0,fewer_than_two_contests,not_identifiable,1760,1760,1760,1760,1760,1760,2679,1760,2679,2679,2679,2679,2679,2679,2679,2679,
empirical,2100,50,20,1,1,1,1,0,1,1,0,0,1,,,,0,fewer_than_two_contests,not_identifiable,,,,,,,,,,,,,,,,,
empirical,2200,50,20,1,1,1,1,1,0,1,1,1,1,3348,,,0,fewer_than_two_contests,small_sample,3348,3348,3348,3348,3348,3348,3348,3348,3348,3348,3348,3348,3348,3348,3348,3348,0
empirical,2300,50,20,0,0,0,0,0,0,0,,,0,,,,0,fewer_than_two_contests,no_data,,,,,,,,,,,,,,,,,
empirical,2400,50,20,0,0,0,0,0,0,0,,,0,,,,0,fewer_than_two_contests,no_data,,,,,,,,,,,,,,,,,
empirical,2500,50,20,0,0,0,0,0,0,0,,,0,,,,0,fewer_than_two_contests,no_data,,,,,,,,,,,,,,,,,
empirical,800,100,5,5,6,9,11,10,1,11,0.9090909090909091,0.9270174071927101,10.174385200160811,3719,947,3775,1,finite,small_sample,346,213,591,346,947,591,1638,1142,3775,3719,4448,3775,5024,4448,5024,5024,1305
empirical,900,100,5,1,1,3,3,3,0,3,1,1,2.770427424428198,4387,,,0,fewer_than_two_contests,small_sample,757,757,757,757,4387,757,4387,4387,5188,5188,5188,5188,5188,5188,5188,5188,801
empirical,1000,100,5,2,2,7,7,5,2,6,0.7142857142857143,0.6932777816973237,6.4032361546559455,2478,2463,,0.741,upper_unbounded,small_sample,1478,1478,1847,1478,1847,1847,2463,2463,2463,2478,2478,2478,2576,2576,2576,2576,98
empirical,1100,100,5,3,3,8,8,6,2,7,0.75,0.7743456634530961,7.837023581565039,3578,2200,,0.961,upper_unbounded,small_sample,944,944,1556,1556,1604,1556,2200,1604,3578,3578,3578,3578,4324,4324,4324,4324,746
empirical,1200,100,5,3,3,8,9,6,3,8,0.6666666666666666,0.6333119453117773,8.514372768185321,5643,1704,,0.968,upper_unbounded,small_sample,1245,1245,1686,1686,1704,1686,1704,1704,5643,5643,5643,5643,6521,6521,6521,6521,878
empirical,1300,100,5,3,3,11,11,9,2,10,0.8181818181818182,0.8210680567254686,10.101241466894097,1824,1470,4499,1,finite,small_sample,1075,978,1075,1075,1278,1278,1824,1824,2688,4463,4463,4499,4499,7807,7807,7807,2675
empirical,1400,100,5,4,5,13,16,13,3,14,0.8125,0.8006743176252072,14.618100429976282,2409,1939,,0.929,upper_unbounded,small_sample,1380,1380,1721,1438,1833,1721,2204,2001,2409,2409,3629,2728,4156,3629,4156,4156,1747
empirical,1500,100,5,1,1,4,4,4,0,4,1,1,3.7020753952059593,1630,,,0,fewer_than_two_contests,small_sample,755,755,1315,755,1315,1315,1630,1315,1630,1630,1630,4193,4193,4193,4193,4193,2563
empirical,1600,100,5,4,4,14,18,12,6,14,0.6666666666666666,0.6771040327313099,16.961133739474075,2778,1824,4525,0.981,finite,small_sample,659,899,1252,1252,1257,1257,2066,1824,2778,2778,3253,2995,3253,3253,4525,4525,475
empirical,1700,100,5,3,3,12,14,12,2,14,0.8571428571428571,0.8883570891764702,12.838755448792103,2525,922,3183,1,finite,small_sample,839,839,1087,922,1347,1087,2018,1773,2637,2637,3183,3183,3248,3248,5049,5049,723
empirical,1800,100,5,3,3,10,12,8,4,9,0.6666666666666666,0.6296626503000883,11.21058203903167,3829,2625,4031,1,finite,small_sample,1820,1335,2594,1820,2594,2594,2625,2625,4031,3829,4031,4031,5308,5308,5308,5308,1479
empirical,1900,100,5,1,1,8,8,4,4,5,0.5,0.5122601759729002,7.438867940577478,3998,,,0,fewer_than_two_contests,small_sample,1695,1695,2877,1695,2877,2877,3415,2877,3998,3415,3998,3998,3998,3998,3998,3998,0
empirical,2000,100,5,1,1,9,9,7,2,9,0.7777777777777778,0.7127542012645327,8.489369371426694,3355,,,0,fewer_than_two_contests,small_sample,1760,1760,2571,2571,2679,2679,2733,2733,3355,3355,5520,5520,5655,5655,5655,5655,2300
empirical,2100,100,5,2,2,5,5,3,2,4,0.6,0.48152376927171964,4.646065003609181,,4119,,0.239,upper_unbounded,not_identifiable,2334,2334,2334,2334,3487,2334,3487,3487,4119,4119,4119,4119,4119,4119,4119,4119,
empirical,2200,100,5,1,1,8,8,4,4,4,0.5,0.5473219531978737,7.464554063224993,3348,,,0,fewer_than_two_contests,small_sample,1342,1342,2255,1342,2255,2255,3024,2255,3348,3024,3348,3348,3348,3348,3348,3348,0
empirical,2300,100,5,0,0,0,0,0,0,0,,,0,,,,0,fewer_than_two_contests,no_data,,,,,,,,,,,,,,,,,
empirical,2400,100,5,0,0,0,0,0,0,0,,,0,,,,0,fewer_than_two_contests,no_data,,,,,,,,,,,,,,,,,
empirical,2500,100,5,0,0,0,0,0,0,0,,,0,,,,0,fewer_than_two_contests,no_data,,,,,,,,,,,,,,,,,
empirical,800,100,10,5,6,9,11,10,1,11,0.9090909090909091,0.9270174071927101,10.174385200160811,3719,947,3775,1,finite,small_sample,346,213,591,346,947,591,1638,1142,3775,3719,4448,3775,5024,4448,5024,5024,1305
empirical,900,100,10,1,1,2,2,2,0,2,1,1,1.7707535777755283,4387,,,0,fewer_than_two_contests,small_sample,757,757,757,757,757,757,4387,757,4387,4387,4387,4387,4387,4387,4387,4387,0
empirical,1000,100,10,2,2,3,3,2,1,3,0.6666666666666666,0.6761664212296011,2.982149913962198,2576,2478,,0.745,upper_unbounded,small_sample,2478,2478,2478,2478,2478,2478,2478,2478,2576,2576,2576,2576,2576,2576,2576,2576,0
empirical,1100,100,10,3,3,7,7,5,2,6,0.7142857142857143,0.7414588112633678,6.837034715887222,3578,2200,,0.958,upper_unbounded,small_sample,1556,1556,1604,1556,1604,1604,2200,2200,3578,3578,3578,3578,4324,4324,4324,4324,746
empirical,1200,100,10,3,3,8,9,6,3,8,0.6666666666666666,0.6333119453117773,8.514372768185321,5643,1704,,0.958,upper_unbounded,small_sample,1245,1245,1686,1686,1704,1686,1704,1704,5643,5643,5643,5643,6521,6521,6521,6521,878
empirical,1300,100,10,3,3,9,9,7,2,8,0.7777777777777778,0.776381099968762,8.411126140058133,1824,1824,4463,1,finite,small_sample,978,978,1278,1278,1470,1470,1824,1824,2688,2688,4463,4463,4499,4499,4499,4499,2675
empirical,1400,100,10,4,5,12,15,12,3,13,0.8,0.791139409950873,13.732236478124955,2256,1939,,0.947,upper_unbounded,small_sample,1380,1380,1438,1438,1833,1721,2204,1939,2409,2256,3629,2409,4156,3629,4156,4156,1900
empirical,1500,100,10,1,1,3,3,3,0,3,1,1,2.7674277126240385,1630,,,0,fewer_than_two_contests,small_sample,755,755,755,755,1630,755,1630,1630,1630,4193,4193,4193,4193,4193,4193,4193,2563
empirical,1600,100,10,4,4,13,17,11,6,13,0.6470588235294118,0.6533619662044085,15.989543941122474,2778,1824,,0.973,upper_unbounded,small_sample,1252,1252,1257,1257,1824,1752,2066,2066,2995,2778,3253,2995,4525,3253,4525,4525,1747
empirical,1700,100,10,3,3,10,12,10,2,12,0.8333333333333334,0.868543401587755,10.875407551973849,2018,922,,0.851,upper_unbounded,small_sample,839,785,922,839,1087,922,1773,1347,2525,2018,2637,2525,3248,2637,3248,3248,1230
empirical,1800,100,10,3,3,10,12,8,4,9,0.6666666666666666,0.6296626503000883,11.21058203903167,3829,2625,4031,1,finite,small_sample,1820,1335,2594,1820,2594,2594,2625,2625,4031,3829,4031,4031,5308,5308,5308,5308,1479
empirical,1900,100,10,1,1,7,7,3,4,4,0.42857142857142855,0.43224612477766217,6.44161276826195,3998,,,0,fewer_than_two_contests,small_sample,1695,1695,3415,1695,3415,1695,3415,3415,3998,3998,3998,3998,3998,3998,3998,3998,0
empirical,2000,100,10,1,1,9,9,7,2,9,0.7777777777777778,0.7127542012645327,8.489369371426694,3355,,,0,fewer_than_two_contests,small_sample,1760,1760,2571,2571,2679,2679,2733,2733,3355,3355,5520,5520,5655,5655,5655,5655,2300
empirical,2100,100,10,2,2,5,5,3,2,4,0.6,0.48152376927171964,4.646065003609181,,4119,,0.228,upper_unbounded,not_identifiable,2334,2334,2334,2334,3487,2334,3487,3487,4119,4119,4119,4119,4119,4119,4119,4119,
empirical,2200,100,10,1,1,8,8,4,4,4,0.5,0.5473219531978737,7.464554063224993,3348,,,0,fewer_than_two_contests,small_sample,1342,1342,2255,1342,2255,2255,3024,2255,3348,3024,3348,3348,3348,3348,3348,3348,0
empirical,2300,100,10,0,0,0,0,0,0,0,,,0,,,,0,fewer_than_two_contests,no_data,,,,,,,,,,,,,,,,,
empirical,2400,100,10,0,0,0,0,0,0,0,,,0,,,,0,fewer_than_two_contests,no_data,,,,,,,,,,,,,,,,,
empirical,2500,100,10,0,0,0,0,0,0,0,,,0,,,,0,fewer_than_two_contests,no_data,,,,,,,,,,,,,,,,,
empirical,800,100,20,3,4,5,7,6,1,7,0.8571428571428571,0.878433046162702,6.539605840415074,1638,346,4448,1,finite,small_sample,213,213,346,346,591,346,1638,591,4448,4448,5024,4448,5024,5024,5024,5024,3386
empirical,900,100,20,1,1,2,2,2,0,2,1,1,1.7707535777755283,4387,,,0,fewer_than_two_contests,small_sample,757,757,757,757,757,757,4387,757,4387,4387,4387,4387,4387,4387,4387,4387,0
empirical,1000,100,20,2,2,3,3,2,1,3,0.6666666666666666,0.6761664212296011,2.982149913962198,2576,2478,,0.737,upper_unbounded,small_sample,2478,2478,2478,2478,2478,2478,2478,2478,2576,2576,2576,2576,2576,2576,2576,2576,0
empirical,1100,100,20,2,2,3,3,2,1,2,0.6666666666666666,0.697071256056503,2.8772654662138275,3578,3578,,0.742,upper_unbounded,small_sample,1556,1556,1556,1556,1556,1556,3578,1556,3578,3578,3578,3578,3578,3578,3578,3578,0
empirical,1200,100,20,3,3,6,7,5,2,6,0.7142857142857143,0.6744464351640982,6.520019808191998,5643,1704,,0.959,upper_unbounded,small_sample,1245,1245,1245,1245,1686,1686,1704,1704,5643,5643,5643,5643,6521,6521,6521,6521,878
empirical,1300,100,20,3,3,6,6,5,1,5,0.8333333333333334,0.8094969784436684,5.4928271486150395,2688,1824,4463,1,finite,small_sample,978,978,1824,978,1824,1824,2688,2688,4463,4463,4463,4463,4499,4499,4499,4499,1811
empirical,1400,100,20,4,5,11,14,11,3,12,0.7857142857142857,0.7700696147204312,12.807687096829948,2204,1939,,0.932,upper_unbounded,small_sample,1380,1380,1438,1438,1833,1721,2001,1939,2256,2204,2409,2256,4156,2409,4156,4156,1952
empirical,1500,100,20,1,1,3,3,3,0,3,1,1,2.7674277126240385,1630,,,0,fewer_than_two_contests,small_sample,755,755,755,755,1630,755,1630,1630,1630,4193,4193,4193,4193,4193,4193,4193,2563
empirical,1600,100,20,4,4,11,15,9,6,11,0.6,0.618069015867433,14.137222769322735,2778,1824,,0.942,upper_unbounded,small_sample,1257,1252,1752,1257,1824,1752,2066,2066,2778,2778,3253,3253,4525,4525,4525,4525,1747
empirical,1700,100,20,3,3,10,11,9,2,11,0.8181818181818182,0.8579423830378209,9.913200441269348,2525,922,,0.842,upper_unbounded,small_sample,839,785,922,839,1087,922,2018,1347,2525,2525,2637,2637,3248,3248,3248,3248,723
empirical,1800,100,20,3,3,10,12,8,4,9,0.6666666666666666,0.6296626503000883,11.21058203903167,3829,2625,4031,1,finite,small_sample,1820,1335,2594,1820,2594,2594,2625,2625,4031,3829,4031,4031,5308,5308,5308,5308,1479
empirical,1900,100,20,1,1,6,6,2,4,3,0.3333333333333333,0.303944666822704,5.486552067033354,,,,0,fewer_than_two_contests,not_identifiable,1695,1695,1695,1695,1695,1695,3415,1695,3415,3415,3415,3415,3415,3415,3415,3415,
empirical,2000,100,20,1,1,8,8,6,2,8,0.75,0.6898869583679816,7.636020262452715,5520,,,0,fewer_than_two_contests,small_sample,1760,1760,2571,2571,2679,2571,2679,2679,5520,5520,5520,5520,5655,5655,5655,5655,135
empirical,2100,100,20,2,2,3,3,2,1,3,0.6666666666666666,0.5104445062591719,2.70031779106829,3487,3487,,0.725,upper_unbounded,small_sample,2334,2334,2334,2334,2334,2334,2334,2334,3487,3487,3487,3487,3487,3487,3487,3487,0
empirical,2200,100,20,1,1,8,8,4,4,4,0.5,0.5473219531978737,7.464554063224993,3348,,,0,fewer_than_two_contests,small_sample,1342,1342,2255,1342,2255,2255,3024,2255,3348,3024,3348,3348,3348,3348,3348,3348,0
empirical,2300,100,20,0,0,0,0,0,0,0,,,0,,,,0,fewer_than_two_contests,no_data,,,,,,,,,,,,,,,,,
empirical,2400,100,20,0,0,0,0,0,0,0,,,0,,,,0,fewer_than_two_contests,no_data,,,,,,,,,,,,,,,,,
empirical,2500,100,20,0,0,0,0,0,0,0,,,0,,,,0,fewer_than_two_contests,no_data,,,,,,,,,,,,,,,,,
empirical,800,150,5,5,6,12,17,16,1,17,0.9411764705882353,0.9388262632782324,13.521734526677674,1783,947,3775,1,finite,small_sample,346,346,591,591,947,854,1638,1638,3719,3381,3775,3719,5024,4448,5024,5024,3241
empirical,900,150,5,1,1,5,5,4,1,5,0.8,0.8961497281277604,3.818980580747038,4387,,,0,fewer_than_two_contests,small_sample,757,757,1419,757,4387,1419,4387,1419,5188,4387,5188,5188,5188,5188,5188,5188,801
empirical,1000,150,5,2,2,10,10,7,3,9,0.7,0.7158249596846705,8.38299367348334,2463,2463,2576,1,finite,small_sample,574,574,1478,1162,1478,1478,1847,1847,2463,2463,2478,2478,2576,2576,2576,2576,113
empirical,1100,150,5,3,3,11,12,9,3,11,0.75,0.7615732264917499,9.784270284061895,3508,1556,3578,1,finite,small_sample,944,708,944,931,1556,944,2200,1604,3578,3508,3578,3578,4324,4324,4324,4324,816
empirical,1200,150,5,3,3,10,12,6,6,11,0.5,0.5493067072322712,10.612421703786163,5643,1704,,0.956,upper_unbounded,small_sample,1245,1245,1686,1686,1704,1686,1704,1704,5643,5643,5643,5643,6521,6521,6521,6521,878
empirical,1300,150,5,3,3,16,16,14,2,15,0.875,0.847619389736431,13.061112010394082,1950,1470,4499,1,finite,small_sample,1075,1075,1075,1278,1278,1632,1824,1950,2688,3859,4463,4499,7371,7371,7807,7807,5421
empirical,1400,150,5,4,5,18,23,17,6,21,0.7391304347826086,0.770543709282314,18.59080353724208,2409,2204,3092,1,finite,small_sample,1380,1380,1464,1464,1939,1833,2204,2204,2728,2409,3092,3083,3629,3629,4156,4156,1220
empirical,1500,150,5,1,1,10,10,6,4,7,0.6,0.698158238277483,8.680893367191022,1630,,,0,fewer_than_two_contests,small_sample,755,755,1268,1268,1315,1268,1588,1315,1630,1630,1630,1630,4193,4193,4193,4193,2563
empirical,1600,150,5,5,5,20,26,18,8,21,0.6923076923076923,0.6908975664410684,21.29052725470543,2778,2202,4525,0.986,finite,small_sample,899,659,1257,1252,1752,1752,2066,1950,2778,2391,2995,2825,3253,3253,4525,4525,475
empirical,1700,150,5,3,3,14,16,14,2,16,0.875,0.8915937940379219,13.539365345953527,2525,922,3183,1,finite,small_sample,839,839,1087,922,1347,1347,2018,1773,2637,2637,3183,3248,3285,3285,5049,5049,760
empirical,1800,150,5,3,3,15,20,12,8,14,0.6,0.6050677102191448,15.2524618503434,3829,2625,4031,1,finite,small_sample,1820,1335,1845,1820,2594,1845,2625,2594,3829,3829,4031,4031,5308,4297,5308,5308,1479
empirical,1900,150,5,1,1,10,10,5,5,6,0.5,0.5193572911368824,8.33859930229899,3998,,,0,fewer_than_two_contests,small_sample,1695,1695,1886,1695,2877,1886,3415,2877,3415,3415,3998,3415,3998,3998,3998,3998,0
empirical,2000,150,5,1,1,9,9,7,2,9,0.7777777777777778,0.7127542012645327,8.489369371426694,3355,,,0,fewer_than_two_contests,small_sample,1760,1760,2571,2571,2679,2679,2733,2733,3355,3355,5520,5520,5655,5655,5655,5655,2300
empirical,2100,150,5,2,2,10,10,6,4,7,0.6,0.5211925976106769,7.310203936220421,4119,4119,,0.737,upper_unbounded,small_sample,1785,1785,2334,2334,2334,2334,3487,2706,4119,3923,4119,3923,4119,4119,4119,4119,0
empirical,2200,150,5,2,2,9,9,4,5,4,0.4444444444444444,0.5298436330135233,7.900975421597395,3348,3348,,0.754,upper_unbounded,small_sample,1342,1342,2255,1342,2255,2255,3024,2255,3348,3024,3348,3348,3348,3348,3348,3348,0
empirical,2300,150,5,0,0,0,0,0,0,0,,,0,,,,0,fewer_than_two_contests,no_data,,,,,,,,,,,,,,,,,
empirical,2400,150,5,0,0,0,0,0,0,0,,,0,,,,0,fewer_than_two_contests,no_data,,,,,,,,,,,,,,,,,
empirical,2500,150,5,0,0,0,0,0,0,0,,,0,,,,0,fewer_than_two_contests,no_data,,,,,,,,,,,,,,,,,
empirical,800,150,10,5,6,9,13,12,1,13,0.9230769230769231,0.9333475723088336,11.663364920540827,3381,947,3775,1,finite,small_sample,346,346,854,591,947,854,1638,1142,3775,3719,4448,3775,5024,4448,5024,5024,1643
empirical,900,150,10,1,1,4,4,3,1,4,0.75,0.8529635894000881,2.8410590035625494,4387,,,0,fewer_than_two_contests,small_sample,757,757,757,757,1419,757,4387,1419,4387,4387,4387,4387,4387,4387,4387,4387,0
empirical,1000,150,10,2,2,5,5,4,1,5,0.8,0.7887973638139766,4.9103191443535685,2478,2478,2576,1,finite,small_sample,574,574,574,574,1162,1162,2478,1162,2478,2478,2576,2576,2576,2576,2576,2576,98
empirical,1100,150,10,3,3,8,9,6,3,8,0.6666666666666666,0.71305149715697,7.842205386159099,3578,2200,,0.951,upper_unbounded,small_sample,1556,1556,1604,1604,1604,1604,2200,2200,3578,3578,3578,3578,4324,4324,4324,4324,746
empirical,1200,150,10,3,3,9,11,6,5,10,0.5454545454545454,0.5738106534534432,9.917321794681163,5643,1704,,0.972,upper_unbounded,small_sample,1245,1245,1686,1686,1704,1686,1704,1704,5643,5643,5643,5643,6521,6521,6521,6521,878
empirical,1300,150,10,3,3,13,13,11,2,12,0.8461538461538461,0.8076542295341462,10.717753557353381,2688,1824,4499,1,finite,small_sample,1278,1278,1278,1470,1470,1824,1824,2688,2864,3859,4463,4463,4499,4499,7371,7371,1811
empirical,1400,150,10,4,5,17,22,16,6,20,0.7272727272727273,0.7611408979919496,17.664848347499664,2409,2204,3092,0.998,finite,small_sample,1380,1380,1464,1464,1833,1721,2204,2001,2409,2409,3629,3083,4156,3629,4156,4156,1747
empirical,1500,150,10,1,1,9,9,5,4,6,0.5555555555555556,0.6333074204150052,8.0741571774481,1630,,,0,fewer_than_two_contests,small_sample,755,755,1268,755,1268,1268,1630,1588,1630,1630,4193,1630,4193,4193,4193,4193,2563
empirical,1600,150,10,5,5,18,24,16,8,19,0.6666666666666666,0.668172149862968,20.017799036449354,2778,2202,,0.973,upper_unbounded,small_sample,1252,1252,1752,1752,1824,1820,2202,2066,2778,2778,2995,2825,3253,3253,4525,4525,475
empirical,1700,150,10,3,3,12,14,12,2,14,0.8571428571428571,0.8730079419694617,11.575711078330983,2018,922,,0.864,upper_unbounded,small_sample,839,839,1087,922,1087,1087,1773,1558,2525,2525,2637,2637,3248,3248,3248,3285,1230
empirical,1800,150,10,3,3,15,20,12,8,14,0.6,0.6050677102191448,15.2524618503434,3829,2625,4031,1,finite,small_sample,1820,1335,1845,1820,2594,1845,2625,2594,3829,3829,4031,4031,5308,4297,5308,5308,1479
empirical,1900,150,10,1,1,8,8,3,5,4,0.375,0.41962978230919634,6.795208146816002,3998,,,0,fewer_than_two_contests,small_sample,1695,1695,3415,1695,3415,1695,3415,3415,3998,3998,3998,3998,3998,3998,3998,3998,0
empirical,2000,150,10,1,1,9,9,7,2,9,0.7777777777777778,0.7127542012645327,8.489369371426694,3355,,,0,fewer_than_two_contests,small_sample,1760,1760,2571,2571,2679,2679,2733,2733,3355,3355,5520,5520,5655,5655,5655,5655,2300
empirical,2100,150,10,2,2,10,10,6,4,7,0.6,0.5211925976106769,7.310203936220421,4119,4119,,0.727,upper_unbounded,small_sample,1785,1785,2334,2334,2334,2334,3487,2706,4119,3923,4119,3923,4119,4119,4119,4119,0
empirical,2200,150,10,2,2,9,9,4,5,4,0.4444444444444444,0.5298436330135233,7.900975421597395,3348,3348,,0.737,upper_unbounded,small_sample,1342,1342,2255,1342,2255,2255,3024,2255,3348,3024,3348,3348,3348,3348,3348,3348,0
empirical,2300,150,10,0,0,0,0,0,0,0,,,0,,,,0,fewer_than_two_contests,no_data,,,,,,,,,,,,,,,,,
empirical,2400,150,10,0,0,0,0,0,0,0,,,0,,,,0,fewer_than_two_contests,no_data,,,,,,,,,,,,,,,,,
empirical,2500,150,10,0,0,0,0,0,0,0,,,0,,,,0,fewer_than_two_contests,no_data,,,,,,,,,,,,,,,,,
empirical,800,150,20,4,5,6,8,7,1,8,0.875,0.8874992922324383,7.325006330184014,3381,346,4448,1,finite,small_sample,213,213,346,346,591,591,1638,1638,4448,3381,5024,4448,5024,5024,5024,5024,1643
empirical,900,150,20,1,1,3,3,3,0,3,1,1,2.202273569978341,4387,,,0,fewer_than_two_contests,small_sample,757,757,757,757,1419,757,4387,1419,4387,4387,4387,4387,4387,4387,4387,4387,0
empirical,1000,150,20,2,2,3,3,2,1,3,0.6666666666666666,0.6761664212296011,2.982149913962198,2576,2478,,0.77,upper_unbounded,small_sample,2478,2478,2478,2478,2478,2478,2478,2478,2576,2576,2576,2576,2576,2576,2576,2576,0
empirical,1100,150,20,2,2,4,5,3,2,4,0.6,0.64182187704105,3.9459595651771857,3578,3578,,0.738,upper_unbounded,small_sample,1556,1556,1556,1556,1556,1556,3578,3508,3578,3578,3578,3578,3578,3578,3578,3578,0
empirical,1200,150,20,3,3,7,9,5,4,8,0.5555555555555556,0.5949095463762439,7.918131204420553,5643,1704,,0.96,upper_unbounded,small_sample,1245,1245,1245,1245,1686,1686,1704,1704,5643,5643,5643,5643,6521,6521,6521,6521,878
empirical,1300,150,20,3,3,7,7,6,1,6,0.8571428571428571,0.8174453140863396,5.919907394796184,2688,1824,4463,1,finite,small_sample,978,978,1824,1824,1824,1824,2688,2688,4463,4463,4463,4463,4499,4499,4499,4499,1811
empirical,1400,150,20,4,5,14,19,14,5,17,0.7368421052631579,0.7448810146781647,15.871105697595048,2256,1939,,0.941,upper_unbounded,small_sample,1380,1380,1438,1438,1833,1833,2204,2001,2309,2309,2409,3083,4156,3092,4156,4156,1900
empirical,1500,150,20,1,1,8,8,5,3,6,0.625,0.7072732887655615,7.100718197077791,1630,,,0,fewer_than_two_contests,small_sample,755,755,1268,755,1268,1268,1630,1588,1630,1630,4193,1630,4193,4193,4193,4193,2563
empirical,1600,150,20,5,5,16,22,14,8,17,0.6363636363636364,0.6392055455986844,18.101731945725856,2778,2202,,0.918,upper_unbounded,small_sample,1257,1257,1752,1752,1824,1824,2202,2066,2778,2391,3253,2825,4525,3253,4525,4525,1747
empirical,1700,150,20,3,3,12,13,11,2,13,0.8461538461538461,0.8631417827680642,10.604855540637605,2525,922,,0.839,upper_unbounded,small_sample,839,839,922,922,1087,1087,2018,1558,2525,2525,2637,2637,3248,3248,3248,3285,723
empirical,1800,150,20,3,3,14,18,10,8,12,0.5555555555555556,0.5904255116525335,14.336000680522606,3829,2625,4031,1,finite,small_sample,1335,851,1820,1335,2594,1820,2625,2594,3829,3258,4031,3829,5308,4031,5308,5308,1479
empirical,1900,150,20,1,1,6,6,2,4,3,0.3333333333333333,0.303944666822704,5.486552067033354,,,,0,fewer_than_two_contests,not_identifiable,1695,1695,1695,1695,1695,1695,3415,1695,3415,3415,3415,3415,3415,3415,3415,3415,
empirical,2000,150,20,1,1,8,8,6,2,8,0.75,0.6898869583679816,7.636020262452715,5520,,,0,fewer_than_two_contests,small_sample,1760,1760,2571,2571,2679,2571,2679,2679,5520,5520,5520,5520,5655,5655,5655,5655,135
empirical,2100,150,20,2,2,7,7,5,2,6,0.7142857142857143,0.5861760372856848,5.249721377339319,3487,3487,,0.746,upper_unbounded,small_sample,1785,1785,2334,1785,2334,2334,2706,2706,3487,3487,3487,3487,3923,3923,3923,3923,436
empirical,2200,150,20,2,2,9,9,4,5,4,0.4444444444444444,0.5298436330135233,7.900975421597395,3348,3348,,0.754,upper_unbounded,small_sample,1342,1342,2255,1342,2255,2255,3024,2255,3348,3024,3348,3348,3348,3348,3348,3348,0
empirical,2300,150,20,0,0,0,0,0,0,0,,,0,,,,0,fewer_than_two_contests,no_data,,,,,,,,,,,,,,,,,
empirical,2400,150,20,0,0,0,0,0,0,0,,,0,,,,0,fewer_than_two_contests,no_data,,,,,,,,,,,,,,,,,
empirical,2500,150,20,0,0,0,0,0,0,0,,,0,,,,0,fewer_than_two_contests,no_data,,,,,,,,,,,,,,,,,
