rating,contestsBefore,contestsAfter,samplesBefore,samplesAfter,playersBefore,playersAfter,solvedBefore,solvedAfter
800,45,63,41844,54420,18784,22645,37884,48907
900,14,17,15624,17923,12460,14063,12134,13950
1000,17,23,24216,31930,18151,22397,18176,23881
1100,15,18,28508,33597,18286,21898,21402,24646
1200,15,22,27481,39332,19066,25676,19904,27699
1300,15,20,23632,31314,16876,21190,16801,22009
1400,14,19,18743,25322,12705,16153,12614,16770
1500,11,16,11703,16535,8113,11165,8290,11748
1600,15,18,11458,14259,7863,9813,7772,9682
1700,12,17,6225,9116,4345,5990,3958,6089
1800,9,15,3679,6183,2848,4245,2449,4202
1900,8,15,2328,3530,1788,2517,1631,2413
2000,3,15,691,3022,649,2016,461,2082
2100,6,15,1168,2266,946,1605,748,1462
