q,rank,factor,targetRating,rawSamples,effectiveSamples,medianSeconds,meanSeconds,ratioToBase,shareAtThreshold
800,SSS+,1.1604,928,72870,66879.5,940,1307,0.7556,0.3803
800,SSS,1.1134,891,60936,55945.0,1021,1411,0.8207,0.4147
800,SS+,1.0820,866,53384,48962.7,1079,1485,0.8674,0.4403
800,SS,1.0612,849,48421,44424.1,1120,1539,0.9003,0.4566
800,S+,1.0247,820,40594,37255.1,1192,1636,0.9582,0.4854
800,S,1.0000,800,36029,32967.5,1244,1703,1.0000,0.5041
900,SSS+,1.1604,1044,19599,17998.3,1236,1575,0.7691,0.3618
900,SSS,1.1134,1002,17026,15634.8,1353,1693,0.8419,0.4081
900,SS+,1.0820,974,15267,14034.2,1430,1774,0.8899,0.4389
900,SS,1.0612,955,14087,12933.2,1472,1823,0.9160,0.4565
900,S+,1.0247,922,11885,10893.1,1555,1912,0.9676,0.4868
900,S,1.0000,900,10442,9578.6,1607,1974,1.0000,0.5048
1000,SSS+,1.1604,1160,29335,26989.9,1570,1890,0.7666,0.3475
1000,SSS,1.1134,1113,26954,24769.8,1702,2029,0.8311,0.3938
1000,SS+,1.0820,1082,24718,22721.9,1791,2123,0.8745,0.4228
1000,SS,1.0612,1061,23212,21304.6,1852,2187,0.9043,0.4430
1000,S+,1.0247,1025,20026,18407.9,1974,2297,0.9639,0.4791
1000,S,1.0000,1000,17984,16480.2,2048,2367,1.0000,0.5037
1100,SSS+,1.1604,1276,24832,22810.8,1473,1811,0.7310,0.3376
1100,SSS,1.1134,1225,24518,22553.2,1656,1991,0.8218,0.3962
1100,SS+,1.0820,1190,23553,21678.8,1763,2096,0.8749,0.4284
1100,SS,1.0612,1167,22699,20864.4,1828,2161,0.9072,0.4484
1100,S+,1.0247,1127,20404,18731.2,1942,2266,0.9638,0.4819
1100,S,1.0000,1100,18573,17036.2,2015,2339,1.0000,0.5022
1200,SSS+,1.1604,1392,23553,21649.7,1741,2072,0.7453,0.3345
1200,SSS,1.1134,1336,23963,22008.5,1892,2235,0.8099,0.3775
1200,SS+,1.0820,1298,23739,21837.3,2011,2353,0.8609,0.4155
1200,SS,1.0612,1273,23500,21585.1,2098,2435,0.8981,0.4405
1200,S+,1.0247,1230,22414,20604.5,2247,2570,0.9619,0.4796
1200,S,1.0000,1200,21266,19522.8,2336,2648,1.0000,0.5021
1300,SSS+,1.1604,1509,16070,14758.4,1490,1771,0.7038,0.2821
1300,SSS,1.1134,1447,17773,16350.5,1684,1975,0.7955,0.3498
1300,SS+,1.0820,1407,18305,16837.0,1812,2101,0.8559,0.3968
1300,SS,1.0612,1380,18193,16721.1,1893,2173,0.8942,0.4240
1300,S+,1.0247,1332,17488,16053.3,2027,2303,0.9575,0.4731
1300,S,1.0000,1300,16619,15253.0,2117,2387,1.0000,0.5027
1400,SSS+,1.1604,1625,8522,7796.9,1873,2219,0.7501,0.3161
1400,SSS,1.1134,1559,11307,10421.5,2010,2346,0.8050,0.3601
1400,SS+,1.0820,1515,12624,11599.7,2139,2465,0.8566,0.3988
1400,SS,1.0612,1486,12919,11868.3,2245,2558,0.8991,0.4287
1400,S+,1.0247,1435,13030,11965.0,2404,2701,0.9628,0.4762
1400,S,1.0000,1400,12697,11672.0,2497,2783,1.0000,0.5007
1500,SSS+,1.1604,1741,3733,3422.2,1637,1907,0.7751,0.3365
1500,SSS,1.1134,1670,4593,4200.5,1765,2031,0.8357,0.3829
1500,SS+,1.0820,1623,6046,5541.6,1838,2110,0.8703,0.4089
1500,SS,1.0612,1592,6930,6361.5,1897,2160,0.8982,0.4306
1500,S+,1.0247,1537,8431,7792.1,2001,2268,0.9474,0.4672
1500,S,1.0000,1500,8909,8168.7,2112,2368,1.0000,0.5012
1600,SSS+,1.1604,1857,3747,3431.5,1597,1870,0.6890,0.2748
1600,SSS,1.1134,1781,4472,4101.6,1861,2125,0.8028,0.3561
1600,SS+,1.0820,1731,5201,4766.5,1996,2274,0.8611,0.4031
1600,SS,1.0612,1698,5646,5183.6,2092,2360,0.9025,0.4352
1600,S+,1.0247,1640,6733,6180.9,2258,2493,0.9741,0.4858
1600,S,1.0000,1600,7413,6806.6,2318,2535,1.0000,0.5010
1700,SSS+,1.1604,1973,2520,2311.0,1806,2179,0.7022,0.2867
1700,SSS,1.1134,1893,3087,2834.7,1948,2306,0.7574,0.3218
1700,SS+,1.0820,1839,3482,3193.2,2125,2459,0.8262,0.3734
1700,SS,1.0612,1804,3741,3450.1,2248,2562,0.8740,0.4099
1700,S+,1.0247,1742,4219,3884.6,2426,2731,0.9432,0.4590
1700,S,1.0000,1700,4577,4190.5,2572,2862,1.0000,0.4973
1800,SSS+,1.1604,2089,1711,1574.3,1824,2115,0.7565,0.3046
1800,SSS,1.1134,2004,2340,2151.5,1951,2279,0.8092,0.3504
1800,SS+,1.0820,1948,2737,2525.2,2102,2416,0.8718,0.4017
1800,SS,1.0612,1910,2875,2638.3,2172,2489,0.9009,0.4269
1800,S+,1.0247,1845,3001,2746.0,2296,2582,0.9523,0.4629
1800,S,1.0000,1800,3139,2871.7,2411,2669,1.0000,0.4986
1900,SSS+,1.1604,2205,977,894.8,2023,2399,0.8500,0.3861
1900,SSS,1.1134,2115,1269,1171.7,2079,2460,0.8735,0.4081
1900,SS+,1.0820,2056,1367,1253.7,2069,2403,0.8693,0.4034
1900,SS,1.0612,2016,1485,1361.6,2133,2466,0.8962,0.4217
1900,S+,1.0247,1947,1746,1603.1,2342,2660,0.9840,0.4914
1900,S,1.0000,1900,1909,1743.8,2380,2706,1.0000,0.5003
2000,SSS+,1.1604,2321,674,617.2,1431,1665,0.6950,0.3215
2000,SSS,1.1134,2227,1033,944.1,1702,1918,0.8266,0.4004
2000,SS+,1.0820,2164,1318,1216.9,1818,2014,0.8830,0.4424
2000,SS,1.0612,2122,1459,1342.1,1818,2034,0.8830,0.4424
2000,S+,1.0247,2049,1474,1346.8,1908,2115,0.9267,0.4709
2000,S,1.0000,2000,1546,1415.6,2059,2179,1.0000,0.5026
2100,SSS+,1.1604,2437,371,341.4,2141,2394,0.7834,0.3394
2100,SSS,1.1134,2338,499,459.8,2278,2529,0.8335,0.3729
2100,SS+,1.0820,2272,661,606.9,2546,2815,0.9316,0.4398
2100,SS,1.0612,2229,762,702.4,2705,2975,0.9898,0.4914
2100,S+,1.0247,2152,968,885.2,2863,3144,1.0476,0.5403
2100,S,1.0000,2100,1105,1014.5,2733,3024,1.0000,0.5014
