model,q,rawSeconds,monotoneSeconds,deltaSeconds,smoothWeight,bandwidth
km,800,1446.946822974675,1446.946822974675,0,88408.1073596159,150
km,825,1587.7372933431514,1587.7372933431514,0,94521.01232367798,150
km,850,1722.9772226924329,1722.9772226924329,0,99715.76443228542,150
km,875,1852.7845886966873,1852.7845886966873,0,104026.47207170738,150
km,900,1977.295004184465,1977.295004184465,0,107556.17243631999,150
km,925,2096.6359723693618,2096.6359723693618,0,110452.3178525958,150
km,950,2210.8982982477273,2210.8982982477273,0,112877.76687553985,150
km,975,2320.1070055793452,2320.1070055793452,0,114982.51724297016,150
km,1000,2424.1947106613034,2424.1947106613034,0,116880.77775932569,150
km,1025,2522.981376680448,2522.981376680448,0,118636.49719688046,150
km,1050,2616.165960041884,2616.165960041884,0,120258.5871977664,150
km,1075,2703.337215911397,2703.337215911397,0,121705.25538560093,150
km,1100,2784.011057652385,2784.011057652385,0,122895.4667250242,150
km,1125,2857.697474660836,2857.697474660836,0,123724.7659734061,150
km,1150,2923.9893837126206,2923.9893837126206,0,124082.5337676232,150
km,1175,2982.651913910679,2982.651913910679,0,123868.09167384864,150
km,1200,3033.6821771801706,3033.6821771801706,0,123003.72985114326,150
km,1225,3077.315532071846,3077.315532071846,0,121443.51472304454,150
km,1250,3113.975250568237,3113.975250568237,0,119177.49145446191,150
km,1275,3144.187644442226,3144.187644442226,0,116231.52885465587,150
km,1300,3168.499665602439,3168.499665602439,0,112663.51414500468,150
km,1325,3187.433145766054,3187.433145766054,0,108556.88109240677,150
km,1350,3201.492166627226,3201.492166627226,0,104012.56171977699,150
km,1375,3211.217072989087,3211.217072989087,0,99140.41900438129,150
km,1400,3217.260244144843,3217.260244144843,0,94051.08345281254,150
km,1425,3220.451175465473,3220.451175465473,0,88848.91917937699,150
km,1450,3221.8228657554173,3221.8228657554173,0,83626.61905962798,150
km,1475,3222.5844095457537,3222.5844095457537,0,78461.69836863292,150
km,1500,3224.039813163348,3224.039813163348,0,73414.93700122209,150
km,1525,3227.4647428497556,3227.4647428497556,0,68530.62071845937,150
km,1550,3233.9591097487787,3233.9591097487787,0,63838.26020112772,150
km,1575,3244.2962874285163,3244.2962874285163,0,59355.33521558353,150
km,1600,3258.793317683365,3258.793317683365,0,55090.536051143914,150
km,1625,3277.2320715899905,3277.2320715899905,0,51046.97075751393,150
km,1650,3298.8643760341592,3298.8643760341592,0,47224.88109151482,150
km,1675,3322.525137537845,3322.525137537845,0,43623.5536733137,150
km,1700,3346.849884879378,3346.849884879378,0,40242.2998433532,150
km,1725,3370.5533206946393,3370.5533206946393,0,37080.570086399,150
km,1750,3392.6946393835988,3392.6946393835988,0,34137.426380105324,150
km,1775,3412.85547977557,3412.85547977557,0,31410.687315742445,150
km,1800,3431.1901628786068,3431.1901628786068,0,28896.072919548496,150
km,1825,3448.354516903785,3448.354516903785,0,26586.6157752036,150
km,1850,3465.352373414364,3465.352373414364,0,24472.496012238968,150
km,1875,3483.3458104478846,3483.3458104478846,0,22541.332128808524,150
km,1900,3503.4636013059207,3503.4636013059207,0,20778.848497710347,150
km,1925,3526.627364197015,3526.627364197015,0,19169.766015404195,150
km,1950,3553.407529557371,3553.407529557371,0,17698.734332211297,150
km,1975,3583.922782349844,3583.922782349844,0,16351.1397730782,150
km,2000,3617.800279920213,3617.800279920213,0,15113.67079610663,150
km,2025,3654.210157310699,3654.210157310699,0,13974.58675557297,150
km,2050,3691.9717508745407,3691.9717508745407,0,12923.700110239646,150
km,2075,3729.705899971432,3729.705899971432,0,11952.134609016115,150
km,2100,3765.991055473378,3765.991055473378,0,11051.954789211064,150
km,2125,3799.482092128391,3799.482092128391,0,10215.772734667336,150
km,2150,3828.9692744576005,3828.9692744576005,0,9436.428111645635,150
km,2175,3853.379185301627,3845.714379574638,-7.664805726989016,8706.811716228382,150
km,2200,3871.736754554658,3845.714379574638,-26.02237498002023,8019.867511162612,150
km,2225,3883.112527914203,3845.714379574638,-37.39814833956507,7368.770233631,150
km,2250,3886.57490243008,3845.714379574638,-40.860522855442014,6747.24137464385,150
km,2275,3881.159240356075,3845.714379574638,-35.444860781437,6149.940619369046,150
km,2300,3865.8589087000432,3845.714379574638,-20.14452912540537,5572.855930906633,150
km,2325,3839.6386768232915,3845.714379574638,6.075702751346398,5013.614728017313,150
km,2350,3801.46790684976,3845.714379574638,44.246472724878004,4471.650598597752,150
km,2375,3750.368667424127,3845.714379574638,95.34571215051074,3948.1825860112294,150
km,2400,3685.471992664885,3845.714379574638,160.2423869097529,3445.993732188703,150
success,800,1237.4597556003757,1237.4597556003757,0,79259.06676310995,125
success,825,1329.3697085203694,1329.3697085203694,0,84509.64014378822,125
success,850,1417.6455593147546,1417.6455593147546,0,88356.16414784707,125
success,875,1502.1191480228933,1502.1191480228933,0,90973.78918814835,125
success,900,1582.728831032158,1582.728831032158,0,92669.67872372911,125
success,925,1659.5005940394044,1659.5005940394044,0,93811.88360957404,125
success,950,1732.5063017467203,1732.5063017467203,0,94754.75327076111,125
success,975,1801.807889699225,1801.807889699225,0,95777.71943327664,125
success,1000,1867.4052515877208,1867.4052515877208,0,97048.2372355033,125
success,1025,1929.207829534103,1929.207829534103,0,98611.74315115086,125
success,1050,1987.0389651316111,1987.0389651316111,0,100404.58749153267,125
success,1075,2040.6609180388857,2040.6609180388857,0,102281.92147665622,125
success,1100,2089.796250347098,2089.796250347098,0,104051.8402821126,125
success,1125,2134.1384380925037,2134.1384380925037,0,105508.79577465761,125
success,1150,2173.379764632406,2173.379764632406,0,106461.93949609219,125
success,1175,2207.2924649293855,2207.2924649293855,0,106756.40769269555,125
success,1200,2235.8546679509623,2235.8546679509623,0,106287.0528415702,125
success,1225,2259.352929595158,2259.352929595158,0,105004.85240420784,125
success,1250,2278.3805074937013,2278.3805074937013,0,102916.6031709685,125
success,1275,2293.705082522766,2293.705082522766,0,100078.89616335572,125
success,1300,2306.0614036241504,2306.0614036241504,0,96587.84179844175,125
success,1325,2315.9737393370583,2315.9737393370583,0,92566.40425825992,125
success,1350,2323.6998439632976,2323.6998439632976,0,88151.27330622345,125
success,1375,2329.3258412983,2329.3258412983,0,83480.85813629012,125
success,1400,2332.9670202233406,2332.9670202233406,0,78685.36074299233,125
success,1425,2334.979253004449,2334.979253004449,0,73879.25166188361,125
success,1450,2336.0825912152436,2336.0825912152436,0,69156.08228803781,125
success,1475,2337.3434565330945,2337.3434565330945,0,64585.50860706313,125
success,1500,2340.0274103397296,2340.0274103397296,0,60212.54686711648,125
success,1525,2345.3794290097853,2345.3794290097853,0,56059.19049831957,125
success,1550,2354.391341049895,2354.391341049895,0,52128.386197885884,125
success,1575,2367.593499620405,2367.593499620405,0,48409.95901629626,125
success,1600,2384.895635943708,2384.895635943708,0,44887.54795864053,125
success,1625,2405.5170659343275,2405.5170659343275,0,41545.22820761079,125
success,1650,2428.0661955827445,2428.0661955827445,0,38372.477931441135,125
success,1675,2450.806572176514,2450.806572176514,0,35366.56059147302,125
success,1700,2472.061973503105,2472.061973503105,0,32532.107235183747,125
success,1725,2490.619507440178,2490.619507440178,0,29878.43844710675,125
success,1750,2505.977263015389,2505.977263015389,0,27415.698140777302,125
success,1775,2518.372924951481,2518.372924951481,0,25151.025200657674,125
success,1800,2528.6420866309986,2528.6420866309986,0,23085.766917174686,125
success,1825,2538.0035031588745,2538.0035031588745,0,21214.275425292843,125
success,1850,2547.8449838306365,2547.8449838306365,0,19524.31538342664,125
success,1875,2559.5352681244103,2559.5352681244103,0,17998.71049376607,125
success,1900,2574.2550489472824,2574.2550489472824,0,16617.651589476827,125
success,1925,2592.8365635906844,2592.8365635906844,0,15361.078102446278,125
success,1950,2615.619479008125,2615.619479008125,0,14210.669230838035,125
success,1975,2642.3560202058725,2642.3560202058725,0,13151.165814255248,125
success,2000,2672.2100699516473,2672.2100699516473,0,12170.927894838602,125
success,2025,2703.876160748089,2703.876160748089,0,11261.782158693371,125
success,2050,2735.7968164474146,2735.7968164474146,0,10418.317112049783,125
success,2075,2766.408681348636,2766.408681348636,0,9636.843452866307,125
success,2100,2794.3349394911406,2794.3349394911406,0,8914.257022943944,125
success,2125,2818.474214098914,2818.474214098914,0,8247.025671576039,125
success,2150,2837.9892490795532,2824.416839483953,-13.57240959560022,7630.473982921528,125
success,2175,2852.2363304680507,2824.416839483953,-27.819490984097683,7058.469723314096,125
success,2200,2860.6829257855006,2824.416839483953,-36.2660863015476,6523.536342043912,125
success,2225,2862.8457362014124,2824.416839483953,-38.42889671745934,6017.3420873854075,125
success,2250,2858.261649705208,2824.416839483953,-33.8448102212551,5531.4605878576085,125
success,2275,2846.4902945664767,2824.416839483953,-22.07345508252365,5058.265807769464,125
success,2300,2827.1401224422907,2824.416839483953,-2.723282958337677,4591.814824905405,125
success,2325,2799.9073640741512,2824.416839483953,24.50947540980178,4128.579658748917,125
success,2350,2764.616681563552,2824.416839483953,59.800157920401034,3667.9096697752393,125
success,2375,2721.2535100409546,2824.416839483953,103.16332944299847,3212.1375625675087,125
success,2400,2669.981039140896,2824.416839483953,154.43580034305705,2766.2863471787314,125
