kind,q,band,minPrior,contests,problems,players,samples,solved,censored,attempted,solveRate,weightedSolveRate,effectiveSamples,t97KmSeconds,status,successP10Seconds,successUnweightedP10Seconds,successP20Seconds,successUnweightedP20Seconds,successP30Seconds,successUnweightedP30Seconds,successP50Seconds,successUnweightedP50Seconds,successP70Seconds,successUnweightedP70Seconds,successP80Seconds,successUnweightedP80Seconds,successP90Seconds,successUnweightedP90Seconds,successP95Seconds,successUnweightedP95Seconds,kmMinusSuccessMedianSeconds,exactHistorySamples,certifiedHistorySamples,p90MinusKmSeconds,ciLowSeconds,ciHighSeconds,bootstrapIdentifiedFraction,ciStatus,successMedianCiLowSeconds,successMedianCiHighSeconds,successMedianCiStatus,differenceCiLowSeconds,differenceCiHighSeconds,differenceCiStatus
empirical,800,100,10,71,86,24430,58284,52339,5945,56833,0.897999450964244,0.8958425654356694,54918.32345742266,1396,exploratory,398,396,589,583,766,758,1224,1210,1944,1923,2524,2498,3647,3608,4800,4759,172,46,58238,2251,1263,1556,1,finite,1119,1355,finite,132,216,finite
empirical,900,100,10,20,20,15667,20143,15472,4671,17801,0.7681080276026411,0.7663803559272625,19009.065658720305,2185,exploratory,636,633,884,878,1125,1111,1649,1636,2399,2380,3004,2976,3971,3938,4854,4828,536,15,20128,1786,1885,2510,1,finite,1480,1837,finite,393,683,finite
empirical,1000,100,10,23,23,22414,31953,23895,8058,27705,0.7478171063749882,0.7463876933507563,30168.875626329926,2642,exploratory,830,825,1145,1137,1425,1415,2024,2006,2797,2776,3391,3363,4340,4310,5173,5142,618,18,31935,1698,2407,2919,1,finite,1881,2162,finite,483,776,finite
empirical,1100,100,10,20,21,22915,35725,26325,9400,31494,0.7368789363191043,0.7361440455999309,33739.722427520355,2726,exploratory,791,785,1084,1078,1365,1358,2003,1997,2862,2852,3493,3480,4411,4406,5201,5196,723,26,35699,1685,2281,3242,1,finite,1743,2323,finite,527,934,finite
empirical,1200,100,10,26,27,27948,43268,30100,13168,36248,0.69566423222705,0.6987620329308682,40898.28216166459,3358,exploratory,1033,1024,1400,1392,1739,1731,2432,2421,3321,3306,3945,3928,4871,4857,5708,5686,926,47,43221,1513,3030,3689,1,finite,2235,2631,finite,762,1097,finite
empirical,1300,100,10,22,22,22601,33544,23496,10048,28773,0.7004531361793466,0.7018795608210322,31655.59554966049,2877,exploratory,976,971,1281,1276,1558,1552,2134,2130,2903,2900,3431,3428,4279,4278,4964,4961,743,51,33493,1402,2571,3196,1,finite,1975,2305,finite,575,921,finite
empirical,1400,100,10,21,23,17342,27061,17730,9331,22353,0.6551864306566646,0.6579437789459035,25542.047985162026,3687,exploratory,1148,1140,1537,1533,1869,1867,2554,2551,3481,3479,4108,4110,5050,5051,5843,5838,1133,67,26994,1363,3237,4283,1,finite,2348,2821,finite,860,1504,finite
empirical,1500,100,10,18,18,11869,17432,12322,5110,14742,0.7068609453877925,0.7098137455065004,16450.70367703112,2825,exploratory,954,953,1274,1270,1551,1550,2130,2129,2895,2888,3413,3409,4218,4211,4881,4876,695,50,17382,1393,2455,3177,1,finite,1905,2400,finite,515,849,finite
empirical,1600,100,10,20,21,10781,16039,10996,5043,13657,0.6855789014277698,0.6917943427119742,15141.550583856693,3188,exploratory,1072,1070,1422,1420,1716,1711,2364,2360,3164,3163,3722,3719,4532,4524,5214,5203,824,47,15992,1344,2808,3569,1,finite,2130,2569,finite,637,1077,finite
empirical,1700,100,10,18,18,6405,9611,6449,3162,7978,0.6710019769014671,0.6750198381168281,9059.040019079861,3496,exploratory,1113,1112,1482,1483,1860,1859,2562,2567,3418,3427,4062,4066,4971,5005,5920,5958,934,45,9566,1475,3030,3996,1,finite,2219,2921,finite,692,1251,finite
empirical,1800,100,10,17,17,4696,6824,4442,2382,5608,0.6509378663540446,0.6554015958541825,6425.382249753934,3570,exploratory,1233,1242,1619,1622,1932,1942,2574,2578,3422,3444,3972,3984,4814,4809,5522,5513,996,56,6768,1244,3116,4019,1,finite,2315,2854,finite,745,1235,finite
empirical,1900,100,10,23,25,3300,5236,3615,1621,4305,0.6904125286478228,0.6971613855582652,4948.070910636085,3219,exploratory,1146,1134,1500,1492,1790,1779,2437,2431,3310,3303,3927,3903,4968,4954,5759,5763,782,60,5176,1749,2815,3738,1,finite,2152,2816,finite,589,1009,finite
empirical,2000,100,10,19,20,2440,3970,2651,1319,3272,0.6677581863979849,0.6697603041671717,3742.137049936922,3618,exploratory,1200,1200,1623,1618,1993,1991,2672,2672,3617,3617,4227,4231,5140,5140,5887,5900,946,44,3926,1522,2998,4269,1,finite,2303,3110,finite,649,1178,finite
empirical,2100,100,10,17,17,1742,2628,1723,905,2092,0.6556316590563166,0.6605242128090903,2481.2363914160483,3924,exploratory,1457,1461,1893,1894,2230,2228,2872,2867,3807,3807,4392,4379,5353,5339,6187,6187,1052,24,2604,1429,3416,4435,1,finite,2628,3189,finite,729,1312,finite
empirical,2200,100,10,15,15,1387,2098,1338,760,1574,0.6377502383222117,0.6401509176580978,1978.8216155266073,3868,exploratory,1571,1571,1949,1968,2241,2268,2919,2927,3688,3704,4213,4214,5061,5082,5756,5785,949,21,2077,1193,3475,4583,1,finite,2753,3041,finite,658,1583,finite
empirical,2300,100,10,15,16,984,1646,1035,611,1239,0.6287970838396112,0.6343987434499779,1549.6915033539265,4166,exploratory,1365,1376,1736,1736,2190,2193,2921,2919,3951,3966,4716,4704,5714,5714,6739,6739,1245,7,1639,1548,3292,5035,1,finite,2472,3412,finite,799,1712,finite
empirical,2400,100,10,15,15,630,983,666,317,764,0.6775178026449644,0.685024112920379,927.4213040812817,3328,exploratory,1267,1255,1566,1575,1881,1888,2567,2567,3460,3462,4076,4109,5102,5116,5809,5809,761,2,981,1774,2821,3761,1,finite,2088,3022,finite,571,1004,finite
empirical,2500,100,10,8,8,265,391,249,142,322,0.6368286445012787,0.63187024130209,368.44229243359024,3893,exploratory,1493,1461,1870,1862,2278,2258,3070,3026,3678,3678,4481,4521,5252,5252,5677,5742,823,1,390,1359,2891,5167,1,finite,2273,3670,finite,522,1502,finite
