model,q,fittedSeconds,bandwidth
km,800,1446.946822974675,150
km,825,1587.7372933431514,150
km,850,1722.9772226924329,150
km,875,1852.7845886966873,150
km,900,1977.295004184465,150
km,925,2096.6359723693618,150
km,950,2210.8982982477273,150
km,975,2320.1070055793452,150
km,1000,2424.1947106613034,150
km,1025,2522.981376680448,150
km,1050,2616.165960041884,150
km,1075,2703.337215911397,150
km,1100,2784.011057652385,150
km,1125,2857.697474660836,150
km,1150,2923.9893837126206,150
km,1175,2982.651913910679,150
km,1200,3033.6821771801706,150
km,1225,3077.315532071846,150
km,1250,3113.975250568237,150
km,1275,3144.187644442226,150
km,1300,3168.499665602439,150
km,1325,3187.433145766054,150
km,1350,3201.492166627226,150
km,1375,3211.217072989087,150
km,1400,3217.260244144843,150
km,1425,3220.451175465473,150
km,1450,3221.8228657554173,150
km,1475,3222.5844095457537,150
km,1500,3224.039813163348,150
km,1525,3227.4647428497556,150
km,1550,3233.9591097487787,150
km,1575,3244.2962874285163,150
km,1600,3258.793317683365,150
km,1625,3277.2320715899905,150
km,1650,3298.8643760341592,150
km,1675,3322.525137537845,150
km,1700,3346.849884879378,150
km,1725,3370.5533206946393,150
km,1750,3392.6946393835988,150
km,1775,3412.85547977557,150
km,1800,3431.1901628786068,150
km,1825,3448.354516903785,150
km,1850,3465.352373414364,150
km,1875,3483.3458104478846,150
km,1900,3503.4636013059207,150
km,1925,3526.627364197015,150
km,1950,3553.407529557371,150
km,1975,3583.922782349844,150
km,2000,3617.800279920213,150
km,2025,3654.210157310699,150
km,2050,3691.9717508745407,150
km,2075,3729.705899971432,150
km,2100,3765.991055473378,150
km,2125,3799.482092128391,150
km,2150,3828.9692744576005,150
km,2175,3853.379185301627,150
km,2200,3871.736754554658,150
km,2225,3883.112527914203,150
km,2250,3886.57490243008,150
km,2275,3881.159240356075,150
km,2300,3865.8589087000432,150
km,2325,3839.6386768232915,150
km,2350,3801.46790684976,150
km,2375,3750.368667424127,150
km,2400,3685.471992664885,150
success,800,1237.4597556003757,125
success,825,1329.3697085203694,125
success,850,1417.6455593147546,125
success,875,1502.1191480228933,125
success,900,1582.728831032158,125
success,925,1659.5005940394044,125
success,950,1732.5063017467203,125
success,975,1801.807889699225,125
success,1000,1867.4052515877208,125
success,1025,1929.207829534103,125
success,1050,1987.0389651316111,125
success,1075,2040.6609180388857,125
success,1100,2089.796250347098,125
success,1125,2134.1384380925037,125
success,1150,2173.379764632406,125
success,1175,2207.2924649293855,125
success,1200,2235.8546679509623,125
success,1225,2259.352929595158,125
success,1250,2278.3805074937013,125
success,1275,2293.705082522766,125
success,1300,2306.0614036241504,125
success,1325,2315.9737393370583,125
success,1350,2323.6998439632976,125
success,1375,2329.3258412983,125
success,1400,2332.9670202233406,125
success,1425,2334.979253004449,125
success,1450,2336.0825912152436,125
success,1475,2337.3434565330945,125
success,1500,2340.0274103397296,125
success,1525,2345.3794290097853,125
success,1550,2354.391341049895,125
success,1575,2367.593499620405,125
success,1600,2384.895635943708,125
success,1625,2405.5170659343275,125
success,1650,2428.0661955827445,125
success,1675,2450.806572176514,125
success,1700,2472.061973503105,125
success,1725,2490.619507440178,125
success,1750,2505.977263015389,125
success,1775,2518.372924951481,125
success,1800,2528.6420866309986,125
success,1825,2538.0035031588745,125
success,1850,2547.8449838306365,125
success,1875,2559.5352681244103,125
success,1900,2574.2550489472824,125
success,1925,2592.8365635906844,125
success,1950,2615.619479008125,125
success,1975,2642.3560202058725,125
success,2000,2672.2100699516473,125
success,2025,2703.876160748089,125
success,2050,2735.7968164474146,125
success,2075,2766.408681348636,125
success,2100,2794.3349394911406,125
success,2125,2818.474214098914,125
success,2150,2837.9892490795532,125
success,2175,2852.2363304680507,125
success,2200,2860.6829257855006,125
success,2225,2862.8457362014124,125
success,2250,2858.261649705208,125
success,2275,2846.4902945664767,125
success,2300,2827.1401224422907,125
success,2325,2799.9073640741512,125
success,2350,2764.616681563552,125
success,2375,2721.2535100409546,125
success,2400,2669.981039140896,125
