rating,recommendedT97Minutes,unconstrainedT97Minutes,deltaMinutes,kmMonotoneMinutes,kmUnconstrainedMinutes,contests,samples,status
800,20.62,20.62,+0.00,24.12,24.12,71,58284,exploratory
900,26.38,26.38,+0.00,32.95,32.95,20,20143,exploratory
1000,31.12,31.12,+0.00,40.40,40.40,23,31953,exploratory
1100,34.83,34.83,+0.00,46.40,46.40,20,35725,exploratory
1200,37.26,37.26,+0.00,50.56,50.56,26,43268,exploratory
1300,38.43,38.43,+0.00,52.81,52.81,22,33544,exploratory
1400,38.88,38.88,+0.00,53.62,53.62,21,27061,exploratory
1500,39.00,39.00,+0.00,53.73,53.73,18,17432,exploratory
1600,39.75,39.75,+0.00,54.31,54.31,20,16039,exploratory
1700,41.20,41.20,+0.00,55.78,55.78,18,9611,exploratory
1800,42.14,42.14,+0.00,57.19,57.19,17,6824,exploratory
1900,42.90,42.90,+0.00,58.39,58.39,23,5236,exploratory
2000,44.54,44.54,+0.00,60.30,60.30,19,3970,exploratory
2100,46.57,46.57,+0.00,62.77,62.77,17,2628,exploratory
2200,47.07,47.68,-0.60,64.10,64.53,15,2098,exploratory
2300,47.07,47.12,-0.05,64.10,64.43,15,1646,exploratory
2400,47.07,44.50,+2.57,64.10,61.42,15,983,exploratory
